group,users,conversions,conversion_rate
control,145274,17489,0.1203863045004612
treatment,145309,17264,0.11880888313869065
