n_control,conv_control,p_control,n_treatment,conv_treatment,p_treatment,z_stat,p_value,diff,ci_low,ci_high
145274,17489,0.1203863045004612,145309,17264,0.11880888313869065,-1.3102408579271012,0.19011436776805035,-0.0015774213617705535,-0.003937098859510669,7.822561359695623e-4
